[{"model": "movies.genre", "pk": 28, "fields": {"name": "액션"}}, {"model": "movies.genre", "pk": 12, "fields": {"name": "모험"}}, {"model": "movies.genre", "pk": 16, "fields": {"name": "애니메이션"}}, {"model": "movies.genre", "pk": 35, "fields": {"name": "코미디"}}, {"model": "movies.genre", "pk": 80, "fields": {"name": "범죄"}}, {"model": "movies.genre", "pk": 99, "fields": {"name": "다큐멘터리"}}, {"model": "movies.genre", "pk": 18, "fields": {"name": "드라마"}}, {"model": "movies.genre", "pk": 10751, "fields": {"name": "가족"}}, {"model": "movies.genre", "pk": 14, "fields": {"name": "판타지"}}, {"model": "movies.genre", "pk": 36, "fields": {"name": "역사"}}, {"model": "movies.genre", "pk": 27, "fields": {"name": "공포"}}, {"model": "movies.genre", "pk": 10402, "fields": {"name": "음악"}}, {"model": "movies.genre", "pk": 9648, "fields": {"name": "미스터리"}}, {"model": "movies.genre", "pk": 10749, "fields": {"name": "로맨스"}}, {"model": "movies.genre", "pk": 878, "fields": {"name": "SF"}}, {"model": "movies.genre", "pk": 10770, "fields": {"name": "TV 영화"}}, {"model": "movies.genre", "pk": 53, "fields": {"name": "스릴러"}}, {"model": "movies.genre", "pk": 10752, "fields": {"name": "전쟁"}}, {"model": "movies.genre", "pk": 37, "fields": {"name": "서부"}}]