[{"model": "movies.popular", "pk": 985939, "fields": {"title": "폴: 600미터", "original_title": "Fall", "overview": "내려갈 길이 끊겨버린 600미터 TV 타워 위에서  두 명의 친구가 살아남기 위해 펼치는 사상 최초의 고공 서바이벌 여기에서", "poster_path": "/8huJowZK1t7MNLEKo3dgLAxmiLW.jpg", "release_date": "2022-08-11", "vote_count": 1771, "vote_average": 7.3, "backdrop_path": "/1DBDwevWS8OhiT3wqqlW7KGPd6m.jpg"}}, {"model": "movies.popular", "pk": 436270, "fields": {"title": "블랙 아담", "original_title": "Black Adam", "overview": "기원전 가장 번성하고 위대한 고대 국가였지만 현재는 국제 군사 조직 인터갱의 독재 국가로 전락한 칸다크. 인터갱의 눈을 피해 고대 유물을 찾던 '아드리아나'는 우연히 5000년 동안 잠들어 있던 '블랙 아담'을 깨우게 된다.  엄청난 괴력과 스피드, 방탄 능력과 자유자재의 고공비행, 번개를 쏘는 능력까지. 온몸이 무기인 '블랙 아담'은 자신의 앞을 막아서는 인터갱들을 모조리 쓸어버리고 칸다크 국민들은 이에 열광한다. 한편, 그의 폭주를 막기 위해 호크맨, 닥터 페이트, 아톰 스매셔, 사이클론으로 구성된 히어로 군단 '저스티스 소사이어티'가 칸다크에 나타나는데...", "poster_path": "/mEdMHGy1FfCUc7PskFO0tibm8jp.jpg", "release_date": "2022-10-19", "vote_count": 1387, "vote_average": 6.9, "backdrop_path": "/bQXAqRx2Fgc46uCVWgoPz5L5Dtr.jpg"}}, {"model": "movies.popular", "pk": 760161, "fields": {"title": "오펀: 천사의 탄생", "original_title": "Orphan: First Kill", "overview": "엄청난 비밀을 숨긴 사이코패스가 에스토니아의 정신병동을 탈출, 부유한 가족의 실종된 딸 ‘에스더’로 사칭해 미국에 온다. 재회의 기쁨도 잠시, 어딘지 낯선 딸의 정체를 눈치챈 엄마는 가족을 지키기 위해 에스더와 맞서는데...  누구도 상상 못한 충격적인 반전이 기다린다!", "poster_path": "/vKIhsEVEtLTwTkmLSDNi230Zr3Q.jpg", "release_date": "2022-07-27", "vote_count": 1313, "vote_average": 6.8, "backdrop_path": "/5GA3vV1aWWHTSDO5eno8V5zDo8r.jpg"}}, {"model": "movies.popular", "pk": 829280, "fields": {"title": "에놀라 홈즈 2", "original_title": "Enola Holmes 2", "overview": "탐정이 된 후 첫 번째 사건을 수임한 에놀라. 하지만 실종된 소녀의 미스터리를 풀기 위해서는 친구들의 도움이 필요하다. 어쩌면 오빠 셜록의 도움까지도.", "poster_path": "/S6fDnntDjduIWuLW2GcqFasobD.jpg", "release_date": "2022-11-04", "vote_count": 1038, "vote_average": 7.7, "backdrop_path": "/u9Io1hVnxb2b3T0z99aOK8sq0SN.jpg"}}, {"model": "movies.popular", "pk": 505642, "fields": {"title": "블랙 팬서: 와칸다 포에버", "original_title": "Black Panther: Wakanda Forever", "overview": "국왕이자 블랙 팬서인 티찰라의 죽음 이후 수많은 강대국으로부터 위협을 받게 된 와칸다. 라몬다, 슈리 그리고 나키아, 오코예, 음바쿠는 각자 사명감을 갖고 와칸다를 지키기 위해 외로운 싸움을 이어간다. 한편, 비브라늄의 패권을 둘러싼 미스터리한 음모와 함께 깊은 해저에서 모습을 드러낸 최강의 적 네이머와 탈로칸의 전사들은 와칸다를 향해 무차별 공격을 퍼붓기 시작하는데…", "poster_path": "/3PCRWLeqp5y20k6XVzcamZR3BWF.jpg", "release_date": "2022-11-09", "vote_count": 924, "vote_average": 7.5, "backdrop_path": "/yYrvN5WFeGYjJnRzhY0QXuo4Isw.jpg"}}, {"model": "movies.popular", "pk": 49046, "fields": {"title": "서부 전선 이상 없다", "original_title": "Im Westen nichts Neues", "overview": "제1차 세계대전 당시 서부전선에서 싸운 독일군 청년의 강렬한 이야기.  젊은 사병과 전우들은 참호 속에서 사투를 벌이며,  처음 전쟁에 대해 느꼈던 환상과 도취감이  어떻게 절망과 공포로 변해가는지를 생생하게 체험한다.", "poster_path": "/qYrbTmCQ6C4tVt7exVXTOJy7VUc.jpg", "release_date": "2022-10-07", "vote_count": 873, "vote_average": 7.8, "backdrop_path": "/mqsPyyeDCBAghXyjbw4TfEYwljw.jpg"}}, {"model": "movies.popular", "pk": 882598, "fields": {"title": "스마일", "original_title": "Smile", "overview": "기괴한 미소를 지으며 자신의 눈 앞에서 목숨을 끊는 환자를 목격한 정신과 의사 ‘로즈’. 그날 이후로 ‘로즈’의 일상에 설명할 수 없는 끔찍한 일들이 잇따라 발생한다. 일상을 덮친 공포에 발버둥치던 ‘로즈’는 이전에도 자신과 같은 일을 겪은 사람들이 있었고 그들 모두 끔찍한 죽음을 피할 수 없었다는 사실을 알게 된다. 시시각각 다가오는 죽음에서 벗어나기 위해 사투를 벌이던 로즈는 잊고 싶던 과거와 마주하게 되는데…", "poster_path": "/8ncuVFt4e0M2NTTsoPtbxfWN5dO.jpg", "release_date": "2022-09-23", "vote_count": 812, "vote_average": 6.8, "backdrop_path": "/olPXihyFeeNvnaD6IOBltgIV1FU.jpg"}}, {"model": "movies.popular", "pk": 663712, "fields": {"title": "테리파이어 2", "original_title": "Terrifier 2", "overview": "", "poster_path": "/b6IRp6Pl2Fsq37r9jFhGoLtaqHm.jpg", "release_date": "2022-10-06", "vote_count": 649, "vote_average": 7, "backdrop_path": "/y5Z0WesTjvn59jP6yo459eUsbli.jpg"}}, {"model": "movies.popular", "pk": 717728, "fields": {"title": "Jeepers Creepers: Reborn", "original_title": "Jeepers Creepers: Reborn", "overview": "", "poster_path": "/qVVegwPsW6n9unBtLWq1rzOutka.jpg", "release_date": "2022-09-15", "vote_count": 482, "vote_average": 5.8, "backdrop_path": "/tIX6j3NzadlwGcJ52nuWdmtOQkg.jpg"}}, {"model": "movies.popular", "pk": 862965, "fields": {"title": "에밀리 더 크리미널", "original_title": "Emily the Criminal", "overview": "", "poster_path": "/iZvzMpREGiqDQ5eYbx8z70qPgst.jpg", "release_date": "2022-08-12", "vote_count": 195, "vote_average": 6.9, "backdrop_path": "/gVecEIEZLZg3pV5CACXAB48I6au.jpg"}}, {"model": "movies.popular", "pk": 551271, "fields": {"title": "미디벌", "original_title": "Medieval", "overview": "", "poster_path": "/4njdAkiBdC5LnFApeXSkFQ78GdT.jpg", "release_date": "2022-09-08", "vote_count": 159, "vote_average": 7.2, "backdrop_path": "/aQOWnw3HydsCQZ10O0wvxFOaWc3.jpg"}}, {"model": "movies.popular", "pk": 1013860, "fields": {"title": "R.I.P.D.:알.아이.피.디.  2", "original_title": "R.I.P.D. 2: Rise of the Damned", "overview": "", "poster_path": "/g4yJTzMtOBUTAR2Qnmj8TYIcFVq.jpg", "release_date": "2022-11-15", "vote_count": 129, "vote_average": 6.9, "backdrop_path": "/kmzppWh7ljL6K9fXW72bPN3gKwu.jpg"}}, {"model": "movies.popular", "pk": 979924, "fields": {"title": "온 더 라인", "original_title": "On the Line", "overview": "진행자가 전화를 받는데, 이 전화에서 정체를 알 수 없는 사람이  쇼맨의 온 가족을 죽이겠다고 협박합니다. 사랑하는 사람들을 구하기 위해  라디오 진행자는 생존 게임을 해야 할 것이고  이길 수 있는 유일한 방법은 범인의 신원을 알아내는 것입니다.", "poster_path": "/jVmWI8PqoVTHCnrLYAcyrclzeY0.jpg", "release_date": "2022-10-31", "vote_count": 129, "vote_average": 6.6, "backdrop_path": "/f9g3R9gq0bASip9RnK2H56dbb5j.jpg"}}, {"model": "movies.popular", "pk": 966220, "fields": {"title": "Снайпер. Білий ворон", "original_title": "Снайпер. Білий ворон", "overview": "", "poster_path": "/66mrr3AK6grmkfGJ1wlCP8dkzjM.jpg", "release_date": "2022-05-03", "vote_count": 116, "vote_average": 7.4, "backdrop_path": "/yNib9QAiyaopUJbaayKQ2xK7mYf.jpg"}}, {"model": "movies.popular", "pk": 948276, "fields": {"title": "사라진 탄환 2", "original_title": "Balle perdue 2", "overview": "누명을 벗은 천재 자동차 정비공 리노. 이제 그의 마음속에 남은 목표는 단 하나. 동생과 멘토를 죽인 비리 경찰들에게 복수하는 것이다.", "poster_path": "/A84Usw0jwhh5RPAKZV7gwP532Fl.jpg", "release_date": "2022-11-10", "vote_count": 109, "vote_average": 7, "backdrop_path": "/707thQazLJiYLBhCrZlRoV05NNL.jpg"}}, {"model": "movies.popular", "pk": 676701, "fields": {"title": "Tadeo Jones 3: La Tabla Esmeralda", "original_title": "Tadeo Jones 3: La Tabla Esmeralda", "overview": "", "poster_path": "/8ZJjRunZbkMSXcRHiqAdQiecXYz.jpg", "release_date": "2022-08-24", "vote_count": 101, "vote_average": 7.8, "backdrop_path": "/tUBN1paMQ1tmVA5Sjy1ZjPWVsiF.jpg"}}, {"model": "movies.popular", "pk": 675054, "fields": {"title": "MexZombies", "original_title": "MexZombies", "overview": "", "poster_path": "/85zufUxhD97k2s5Bu2u101Qd8Sg.jpg", "release_date": "2022-10-26", "vote_count": 87, "vote_average": 7.2, "backdrop_path": "/b2FxWOxe9K7ZZ1uaPOze2RJ1ajq.jpg"}}, {"model": "movies.popular", "pk": 896485, "fields": {"title": "오버도즈", "original_title": "Overdose", "overview": "툴루즈 경찰서의 사라 벨라이슈 경감은 파리에서 온 리샤르 크로스 반장의 지휘하에 긴밀하게 얽힌 두 10대의 살인 사건을 수사한다. 상반되는 수사 방식에도 범인을 찾기 위해 어쩔 수 없이 합동 수사를 벌여야 하는 사라와 리샤르는 스페인과 프랑스에서 시간에 쫓기는 싸움을 벌인다.", "poster_path": "/9RvM4wawLRlX608FgZr9kL8CLmy.jpg", "release_date": "2022-11-04", "vote_count": 80, "vote_average": 6.5, "backdrop_path": "/y4XBYLldCLuNLVeObTndfAaUrc3.jpg"}}, {"model": "movies.popular", "pk": 732459, "fields": {"title": "47 로닌의 검", "original_title": "Blade of the 47 Ronin", "overview": "", "poster_path": "/kjFDIlUCJkcpFxYKtE6OsGcAfQQ.jpg", "release_date": "2022-10-25", "vote_count": 80, "vote_average": 6.9, "backdrop_path": "/pGx6O6IwqADOsgmqWzPysmWnOyr.jpg"}}, {"model": "movies.popular", "pk": 829799, "fields": {"title": "파라다이스 시티", "original_title": "Paradise City", "overview": "", "poster_path": "/xdmmd437QdjcCls8yCQxrH5YYM4.jpg", "release_date": "2022-11-11", "vote_count": 14, "vote_average": 5.9, "backdrop_path": "/au4HUSWDRadIcl9CqySlw1kJMfo.jpg"}}]